observationID,deploymentID,mediaID,eventID,eventStart,eventEnd,observationLevel,observationType,cameraSetupType,scientificName,count,lifeStage,sex,behavior,individualID,individualPositionRadius,individualPositionAngle,individualSpeed,bboxX,bboxY,bboxWidth,bboxHeight,classificationMethod,classifiedBy,classificationTimestamp,classificationProbability,observationTags,observationComments
SYFW0144_1,LearningPlatformBeaver-2024-01-31-Wildlife_Camera,SYFW0144,sequence1,2024-01-29T07:03:00-0600,2024-01-29T07:03:00-0600,media,unclassified,,Branta canadensis,,,,,,,,,,,,,,Bethanie Royality-Lindman,,,,SYFW0144.MP4 | Video of goose landing in water
SYFW0001_1,LearningPlatformBeaver-2024-01-31-Wildlife_Camera,SYFW0001,sequence1,2024-01-25T21:14:16-0600,2024-01-25T21:14:16-0600,media,unclassified,,,,,,,,,,,,,,,,,,,,
SYFW0002_1,LearningPlatformBeaver-2024-01-31-Wildlife_Camera,SYFW0002,sequence1,2024-01-26T02:19:09-0600,2024-01-26T02:19:09-0600,media,unclassified,,,,,,,,,,,,,,,,,,,,
SYFW0003_1,LearningPlatformBeaver-2024-01-31-Wildlife_Camera,SYFW0003,sequence1,2024-01-26T14:19:07-0600,2024-01-26T14:19:07-0600,media,unclassified,,,,,,,,,,,,,,,,,,,,
SYFW0004_1,LearningPlatformBeaver-2024-01-31-Wildlife_Camera,SYFW0004,sequence1,2024-01-27T02:19:08-0600,2024-01-27T02:19:08-0600,media,unclassified,,,,,,,,,,,,,,,,,,,,
SYFW0005_1,LearningPlatformBeaver-2024-01-31-Wildlife_Camera,SYFW0005,sequence1,2024-01-27T13:41:48-0600,2024-01-27T13:41:48-0600,media,unclassified,,,,,,,,,,,,,,,,,,,,
SYFW0006_1,LearningPlatformBeaver-2024-01-31-Wildlife_Camera,SYFW0006,sequence1,2024-01-27T07:42:02-0600,2024-01-27T07:42:02-0600,media,unclassified,,,,,,,,,,,,,,,,,,,,
SYFW0007_1,LearningPlatformBeaver-2024-01-31-Wildlife_Camera,SYFW0007,sequence1,2024-01-27T13:43:26-0600,2024-01-27T13:43:26-0600,media,unclassified,,,,,,,,,,,,,,,,,,,,
SYFW0008_1,LearningPlatformBeaver-2024-01-31-Wildlife_Camera,SYFW0008,sequence1,2024-01-27T13:44:16-0600,2024-01-27T13:44:16-0600,media,unclassified,,,,,,,,,,,,,,,,,,,,
SYFW0009_1,LearningPlatformBeaver-2024-01-31-Wildlife_Camera,SYFW0009,sequence1,2024-01-27T07:44:30-0600,2024-01-27T07:44:30-0600,media,unclassified,,,,,,,,,,,,,,,,,,,,
SYFW0010_1,LearningPlatformBeaver-2024-01-31-Wildlife_Camera,SYFW0010,sequence1,2024-01-27T14:04:37-0600,2024-01-27T14:04:37-0600,media,unclassified,,,,,,,,,,,,,,,,,,,,
SYFW0011_1,LearningPlatformBeaver-2024-01-31-Wildlife_Camera,SYFW0011,sequence1,2024-01-27T14:04:48-0600,2024-01-27T14:04:48-0600,media,unclassified,,,,,,,,,,,,,,,,,,,,
SYFW0012_1,LearningPlatformBeaver-2024-01-31-Wildlife_Camera,SYFW0012,sequence1,2024-01-27T08:05:00-0600,2024-01-27T08:05:00-0600,media,unclassified,,,,,,,,,,,,,,,,,,,,
SYFW0013_1,LearningPlatformBeaver-2024-01-31-Wildlife_Camera,SYFW0013,sequence1,2024-01-27T14:05:30-0600,2024-01-27T14:05:30-0600,media,unclassified,,,,,,,,,,,,,,,,,,,,
SYFW0014_1,LearningPlatformBeaver-2024-01-31-Wildlife_Camera,SYFW0014,sequence1,2024-01-27T08:05:42-0600,2024-01-27T08:05:42-0600,media,unclassified,,,,,,,,,,,,,,,,,,,,
SYFW0015_1,LearningPlatformBeaver-2024-01-31-Wildlife_Camera,SYFW0015,sequence1,2024-01-27T14:06:05-0600,2024-01-27T14:06:05-0600,media,unclassified,,,,,,,,,,,,,,,,,,,,
SYFW0016_1,LearningPlatformBeaver-2024-01-31-Wildlife_Camera,SYFW0016,sequence1,2024-01-27T14:06:47-0600,2024-01-27T14:06:47-0600,media,unclassified,,,,,,,,,,,,,,,,,,,,
SYFW0017_1,LearningPlatformBeaver-2024-01-31-Wildlife_Camera,SYFW0017,sequence1,2024-01-27T08:07:00-0600,2024-01-27T08:07:00-0600,media,unclassified,,,,,,,,,,,,,,,,,,,,
SYFW0018_1,LearningPlatformBeaver-2024-01-31-Wildlife_Camera,SYFW0018,sequence1,2024-01-27T14:07:17-0600,2024-01-27T14:07:17-0600,media,unclassified,,,,,,,,,,,,,,,,,,,,
SYFW0019_1,LearningPlatformBeaver-2024-01-31-Wildlife_Camera,SYFW0019,sequence1,2024-01-27T08:07:30-0600,2024-01-27T08:07:30-0600,media,unclassified,,,,,,,,,,,,,,,,,,,,
SYFW0020_1,LearningPlatformBeaver-2024-01-31-Wildlife_Camera,SYFW0020,sequence1,2024-01-27T14:07:52-0600,2024-01-27T14:07:52-0600,media,unclassified,,,,,,,,,,,,,,,,,,,,
SYFW0021_1,LearningPlatformBeaver-2024-01-31-Wildlife_Camera,SYFW0021,sequence1,2024-01-27T14:08:38-0600,2024-01-27T14:08:38-0600,media,unclassified,,,,,,,,,,,,,,,,,,,,
SYFW0022_1,LearningPlatformBeaver-2024-01-31-Wildlife_Camera,SYFW0022,sequence1,2024-01-27T08:08:50-0600,2024-01-27T08:08:50-0600,media,unclassified,,,,,,,,,,,,,,,,,,,,
SYFW0023_1,LearningPlatformBeaver-2024-01-31-Wildlife_Camera,SYFW0023,sequence1,2024-01-27T14:09:26-0600,2024-01-27T14:09:26-0600,media,unclassified,,,,,,,,,,,,,,,,,,,,
SYFW0024_1,LearningPlatformBeaver-2024-01-31-Wildlife_Camera,SYFW0024,sequence1,2024-01-27T14:09:40-0600,2024-01-27T14:09:40-0600,media,unclassified,,,,,,,,,,,,,,,,,,,,
SYFW0025_1,LearningPlatformBeaver-2024-01-31-Wildlife_Camera,SYFW0025,sequence1,2024-01-27T08:09:52-0600,2024-01-27T08:09:52-0600,media,unclassified,,,,,,,,,,,,,,,,,,,,
SYFW0026_1,LearningPlatformBeaver-2024-01-31-Wildlife_Camera,SYFW0026,sequence1,2024-01-27T14:10:10-0600,2024-01-27T14:10:10-0600,media,unclassified,,,,,,,,,,,,,,,,,,,,
SYFW0027_1,LearningPlatformBeaver-2024-01-31-Wildlife_Camera,SYFW0027,sequence1,2024-01-27T08:10:24-0600,2024-01-27T08:10:24-0600,media,unclassified,,,,,,,,,,,,,,,,,,,,
SYFW0028_1,LearningPlatformBeaver-2024-01-31-Wildlife_Camera,SYFW0028,sequence1,2024-01-27T14:10:44-0600,2024-01-27T14:10:44-0600,media,unclassified,,,,,,,,,,,,,,,,,,,,
SYFW0029_1,LearningPlatformBeaver-2024-01-31-Wildlife_Camera,SYFW0029,sequence1,2024-01-27T08:10:56-0600,2024-01-27T08:10:56-0600,media,unclassified,,,,,,,,,,,,,,,,,,,,
SYFW0030_1,LearningPlatformBeaver-2024-01-31-Wildlife_Camera,SYFW0030,sequence1,2024-01-27T14:11:13-0600,2024-01-27T14:11:13-0600,media,unclassified,,,,,,,,,,,,,,,,,,,,
SYFW0031_1,LearningPlatformBeaver-2024-01-31-Wildlife_Camera,SYFW0031,sequence1,2024-01-27T08:11:28-0600,2024-01-27T08:11:28-0600,media,unclassified,,,,,,,,,,,,,,,,,,,,
SYFW0032_1,LearningPlatformBeaver-2024-01-31-Wildlife_Camera,SYFW0032,sequence1,2024-01-27T14:11:48-0600,2024-01-27T14:11:48-0600,media,unclassified,,,,,,,,,,,,,,,,,,,,
SYFW0033_1,LearningPlatformBeaver-2024-01-31-Wildlife_Camera,SYFW0033,sequence1,2024-01-27T08:12:00-0600,2024-01-27T08:12:00-0600,media,unclassified,,,,,,,,,,,,,,,,,,,,
SYFW0034_1,LearningPlatformBeaver-2024-01-31-Wildlife_Camera,SYFW0034,sequence1,2024-01-27T14:12:21-0600,2024-01-27T14:12:21-0600,media,unclassified,,,,,,,,,,,,,,,,,,,,
SYFW0035_1,LearningPlatformBeaver-2024-01-31-Wildlife_Camera,SYFW0035,sequence1,2024-01-27T08:12:34-0600,2024-01-27T08:12:34-0600,media,unclassified,,,,,,,,,,,,,,,,,,,,
SYFW0036_1,LearningPlatformBeaver-2024-01-31-Wildlife_Camera,SYFW0036,sequence1,2024-01-27T14:12:53-0600,2024-01-27T14:12:53-0600,media,unclassified,,,,,,,,,,,,,,,,,,,,
SYFW0037_1,LearningPlatformBeaver-2024-01-31-Wildlife_Camera,SYFW0037,sequence1,2024-01-27T08:13:06-0600,2024-01-27T08:13:06-0600,media,unclassified,,,,,,,,,,,,,,,,,,,,
SYFW0038_1,LearningPlatformBeaver-2024-01-31-Wildlife_Camera,SYFW0038,sequence1,2024-01-27T14:13:58-0600,2024-01-27T14:13:58-0600,media,unclassified,,,,,,,,,,,,,,,,,,,,
SYFW0039_1,LearningPlatformBeaver-2024-01-31-Wildlife_Camera,SYFW0039,sequence1,2024-01-27T08:14:10-0600,2024-01-27T08:14:10-0600,media,unclassified,,,,,,,,,,,,,,,,,,,,
SYFW0040_1,LearningPlatformBeaver-2024-01-31-Wildlife_Camera,SYFW0040,sequence1,2024-01-27T14:14:31-0600,2024-01-27T14:14:31-0600,media,unclassified,,,,,,,,,,,,,,,,,,,,
SYFW0041_1,LearningPlatformBeaver-2024-01-31-Wildlife_Camera,SYFW0041,sequence1,2024-01-27T08:14:42-0600,2024-01-27T08:14:42-0600,media,unclassified,,,,,,,,,,,,,,,,,,,,
SYFW0042_1,LearningPlatformBeaver-2024-01-31-Wildlife_Camera,SYFW0042,sequence1,2024-01-27T14:15:05-0600,2024-01-27T14:15:05-0600,media,unclassified,,,,,,,,,,,,,,,,,,,,
SYFW0043_1,LearningPlatformBeaver-2024-01-31-Wildlife_Camera,SYFW0043,sequence1,2024-01-27T14:15:30-0600,2024-01-27T14:15:30-0600,media,unclassified,,,,,,,,,,,,,,,,,,,,
SYFW0044_1,LearningPlatformBeaver-2024-01-31-Wildlife_Camera,SYFW0044,sequence1,2024-01-27T08:15:42-0600,2024-01-27T08:15:42-0600,media,unclassified,,,,,,,,,,,,,,,,,,,,
SYFW0045_1,LearningPlatformBeaver-2024-01-31-Wildlife_Camera,SYFW0045,sequence1,2024-01-27T14:16:05-0600,2024-01-27T14:16:05-0600,media,unclassified,,,,,,,,,,,,,,,,,,,,
SYFW0046_1,LearningPlatformBeaver-2024-01-31-Wildlife_Camera,SYFW0046,sequence1,2024-01-27T08:16:18-0600,2024-01-27T08:16:18-0600,media,unclassified,,,,,,,,,,,,,,,,,,,,
SYFW0047_1,LearningPlatformBeaver-2024-01-31-Wildlife_Camera,SYFW0047,sequence1,2024-01-27T14:19:08-0600,2024-01-27T14:19:08-0600,media,unclassified,,,,,,,,,,,,,,,,,,,,
SYFW0048_1,LearningPlatformBeaver-2024-01-31-Wildlife_Camera,SYFW0048,sequence1,2024-01-27T14:24:56-0600,2024-01-27T14:24:56-0600,media,unclassified,,,,,,,,,,,,,,,,,,,,
SYFW0049_1,LearningPlatformBeaver-2024-01-31-Wildlife_Camera,SYFW0049,sequence1,2024-01-27T08:25:08-0600,2024-01-27T08:25:08-0600,media,unclassified,,,,,,,,,,,,,,,,,,,,
SYFW0050_1,LearningPlatformBeaver-2024-01-31-Wildlife_Camera,SYFW0050,sequence1,2024-01-27T14:39:05-0600,2024-01-27T14:39:05-0600,media,unclassified,,,,,,,,,,,,,,,,,,,,
SYFW0051_1,LearningPlatformBeaver-2024-01-31-Wildlife_Camera,SYFW0051,sequence1,2024-01-27T08:39:18-0600,2024-01-27T08:39:18-0600,media,unclassified,,,,,,,,,,,,,,,,,,,,
SYFW0052_1,LearningPlatformBeaver-2024-01-31-Wildlife_Camera,SYFW0052,sequence1,2024-01-27T14:40:53-0600,2024-01-27T14:40:53-0600,media,unclassified,,,,,,,,,,,,,,,,,,,,
SYFW0053_1,LearningPlatformBeaver-2024-01-31-Wildlife_Camera,SYFW0053,sequence1,2024-01-27T08:41:06-0600,2024-01-27T08:41:06-0600,media,unclassified,,,,,,,,,,,,,,,,,,,,
SYFW0054_1,LearningPlatformBeaver-2024-01-31-Wildlife_Camera,SYFW0054,sequence1,2024-01-27T15:58:01-0600,2024-01-27T15:58:01-0600,media,unclassified,,,,,,,,,,,,,,,,,,,,
SYFW0055_1,LearningPlatformBeaver-2024-01-31-Wildlife_Camera,SYFW0055,sequence1,2024-01-27T09:58:14-0600,2024-01-27T09:58:14-0600,media,unclassified,,,,,,,,,,,,,,,,,,,,
SYFW0056_1,LearningPlatformBeaver-2024-01-31-Wildlife_Camera,SYFW0056,sequence1,2024-01-27T16:03:26-0600,2024-01-27T16:03:26-0600,media,unclassified,,,,,,,,,,,,,,,,,,,,
SYFW0057_1,LearningPlatformBeaver-2024-01-31-Wildlife_Camera,SYFW0057,sequence1,2024-01-27T10:03:38-0600,2024-01-27T10:03:38-0600,media,unclassified,,,,,,,,,,,,,,,,,,,,
SYFW0058_1,LearningPlatformBeaver-2024-01-31-Wildlife_Camera,SYFW0058,sequence1,2024-01-27T16:14:08-0600,2024-01-27T16:14:08-0600,media,unclassified,,,,,,,,,,,,,,,,,,,,
SYFW0059_1,LearningPlatformBeaver-2024-01-31-Wildlife_Camera,SYFW0059,sequence1,2024-01-27T10:14:20-0600,2024-01-27T10:14:20-0600,media,unclassified,,,,,,,,,,,,,,,,,,,,
SYFW0060_1,LearningPlatformBeaver-2024-01-31-Wildlife_Camera,SYFW0060,sequence1,2024-01-27T16:14:38-0600,2024-01-27T16:14:38-0600,media,unclassified,,,,,,,,,,,,,,,,,,,,
SYFW0061_1,LearningPlatformBeaver-2024-01-31-Wildlife_Camera,SYFW0061,sequence1,2024-01-27T10:14:50-0600,2024-01-27T10:14:50-0600,media,unclassified,,,,,,,,,,,,,,,,,,,,
SYFW0062_1,LearningPlatformBeaver-2024-01-31-Wildlife_Camera,SYFW0062,sequence1,2024-01-27T16:17:40-0600,2024-01-27T16:17:40-0600,media,unclassified,,,,,,,,,,,,,,,,,,,,
SYFW0063_1,LearningPlatformBeaver-2024-01-31-Wildlife_Camera,SYFW0063,sequence1,2024-01-27T10:17:52-0600,2024-01-27T10:17:52-0600,media,unclassified,,,,,,,,,,,,,,,,,,,,
SYFW0064_1,LearningPlatformBeaver-2024-01-31-Wildlife_Camera,SYFW0064,sequence1,2024-01-27T22:05:41-0600,2024-01-27T22:05:41-0600,media,unclassified,,,,,,,,,,,,,,,,,,,,
SYFW0065_1,LearningPlatformBeaver-2024-01-31-Wildlife_Camera,SYFW0065,sequence1,2024-01-27T16:05:56-0600,2024-01-27T16:05:56-0600,media,unclassified,,,,,,,,,,,,,,,,,,,,
SYFW0066_1,LearningPlatformBeaver-2024-01-31-Wildlife_Camera,SYFW0066,sequence1,2024-01-27T22:07:00-0600,2024-01-27T22:07:00-0600,media,unclassified,,,,,,,,,,,,,,,,,,,,
SYFW0067_1,LearningPlatformBeaver-2024-01-31-Wildlife_Camera,SYFW0067,sequence1,2024-01-27T16:07:16-0600,2024-01-27T16:07:16-0600,media,unclassified,,,,,,,,,,,,,,,,,,,,
SYFW0068_1,LearningPlatformBeaver-2024-01-31-Wildlife_Camera,SYFW0068,sequence1,2024-01-27T22:07:32-0600,2024-01-27T22:07:32-0600,media,unclassified,,,,,,,,,,,,,,,,,,,,
SYFW0069_1,LearningPlatformBeaver-2024-01-31-Wildlife_Camera,SYFW0069,sequence1,2024-01-27T16:07:48-0600,2024-01-27T16:07:48-0600,media,unclassified,,,,,,,,,,,,,,,,,,,,
SYFW0070_1,LearningPlatformBeaver-2024-01-31-Wildlife_Camera,SYFW0070,sequence1,2024-01-28T02:19:09-0600,2024-01-28T02:19:09-0600,media,unclassified,,,,,,,,,,,,,,,,,,,,
SYFW0071_1,LearningPlatformBeaver-2024-01-31-Wildlife_Camera,SYFW0071,sequence1,2024-01-28T08:41:02-0600,2024-01-28T08:41:02-0600,media,unclassified,,,,,,,,,,,,,,,,,,,,
SYFW0072_1,LearningPlatformBeaver-2024-01-31-Wildlife_Camera,SYFW0072,sequence1,2024-01-28T02:41:14-0600,2024-01-28T02:41:14-0600,media,unclassified,,,,,,,,,,,,,,,,,,,,
SYFW0073_1,LearningPlatformBeaver-2024-01-31-Wildlife_Camera,SYFW0073,sequence1,2024-01-28T08:42:27-0600,2024-01-28T08:42:27-0600,media,unclassified,,,,,,,,,,,,,,,,,,,,
SYFW0074_1,LearningPlatformBeaver-2024-01-31-Wildlife_Camera,SYFW0074,sequence1,2024-01-28T02:42:38-0600,2024-01-28T02:42:38-0600,media,unclassified,,,,,,,,,,,,,,,,,,,,
SYFW0075_1,LearningPlatformBeaver-2024-01-31-Wildlife_Camera,SYFW0075,sequence1,2024-01-28T09:38:17-0600,2024-01-28T09:38:17-0600,media,unclassified,,,,,,,,,,,,,,,,,,,,
SYFW0076_1,LearningPlatformBeaver-2024-01-31-Wildlife_Camera,SYFW0076,sequence1,2024-01-28T03:38:30-0600,2024-01-28T03:38:30-0600,media,unclassified,,,,,,,,,,,,,,,,,,,,
SYFW0077_1,LearningPlatformBeaver-2024-01-31-Wildlife_Camera,SYFW0077,sequence1,2024-01-28T09:40:01-0600,2024-01-28T09:40:01-0600,media,unclassified,,,,,,,,,,,,,,,,,,,,
SYFW0078_1,LearningPlatformBeaver-2024-01-31-Wildlife_Camera,SYFW0078,sequence1,2024-01-28T03:40:12-0600,2024-01-28T03:40:12-0600,media,unclassified,,,,,,,,,,,,,,,,,,,,
SYFW0079_1,LearningPlatformBeaver-2024-01-31-Wildlife_Camera,SYFW0079,sequence1,2024-01-28T11:33:15-0600,2024-01-28T11:33:15-0600,media,unclassified,,,,,,,,,,,,,,,,,,,,
SYFW0080_1,LearningPlatformBeaver-2024-01-31-Wildlife_Camera,SYFW0080,sequence1,2024-01-28T05:33:28-0600,2024-01-28T05:33:28-0600,media,unclassified,,,,,,,,,,,,,,,,,,,,
SYFW0081_1,LearningPlatformBeaver-2024-01-31-Wildlife_Camera,SYFW0081,sequence1,2024-01-28T11:36:23-0600,2024-01-28T11:36:23-0600,media,unclassified,,,,,,,,,,,,,,,,,,,,
SYFW0082_1,LearningPlatformBeaver-2024-01-31-Wildlife_Camera,SYFW0082,sequence1,2024-01-28T05:36:36-0600,2024-01-28T05:36:36-0600,media,unclassified,,,,,,,,,,,,,,,,,,,,
SYFW0083_1,LearningPlatformBeaver-2024-01-31-Wildlife_Camera,SYFW0083,sequence1,2024-01-28T11:38:07-0600,2024-01-28T11:38:07-0600,media,unclassified,,,,,,,,,,,,,,,,,,,,
SYFW0084_1,LearningPlatformBeaver-2024-01-31-Wildlife_Camera,SYFW0084,sequence1,2024-01-28T05:38:20-0600,2024-01-28T05:38:20-0600,media,unclassified,,,,,,,,,,,,,,,,,,,,
SYFW0085_1,LearningPlatformBeaver-2024-01-31-Wildlife_Camera,SYFW0085,sequence1,2024-01-28T11:41:05-0600,2024-01-28T11:41:05-0600,media,unclassified,,,,,,,,,,,,,,,,,,,,
SYFW0086_1,LearningPlatformBeaver-2024-01-31-Wildlife_Camera,SYFW0086,sequence1,2024-01-28T05:41:16-0600,2024-01-28T05:41:16-0600,media,unclassified,,,,,,,,,,,,,,,,,,,,
SYFW0087_1,LearningPlatformBeaver-2024-01-31-Wildlife_Camera,SYFW0087,sequence1,2024-01-28T12:16:23-0600,2024-01-28T12:16:23-0600,media,unclassified,,,,,,,,,,,,,,,,,,,,
SYFW0088_1,LearningPlatformBeaver-2024-01-31-Wildlife_Camera,SYFW0088,sequence1,2024-01-28T06:16:36-0600,2024-01-28T06:16:36-0600,media,unclassified,,,,,,,,,,,,,,,,,,,,
SYFW0089_1,LearningPlatformBeaver-2024-01-31-Wildlife_Camera,SYFW0089,sequence1,2024-01-28T12:17:06-0600,2024-01-28T12:17:06-0600,media,unclassified,,,,,,,,,,,,,,,,,,,,
SYFW0090_1,LearningPlatformBeaver-2024-01-31-Wildlife_Camera,SYFW0090,sequence1,2024-01-28T06:17:18-0600,2024-01-28T06:17:18-0600,media,unclassified,,,,,,,,,,,,,,,,,,,,
SYFW0091_1,LearningPlatformBeaver-2024-01-31-Wildlife_Camera,SYFW0091,sequence1,2024-01-28T12:19:31-0600,2024-01-28T12:19:31-0600,media,unclassified,,,,,,,,,,,,,,,,,,,,
SYFW0092_1,LearningPlatformBeaver-2024-01-31-Wildlife_Camera,SYFW0092,sequence1,2024-01-28T06:19:42-0600,2024-01-28T06:19:42-0600,media,unclassified,,,,,,,,,,,,,,,,,,,,
SYFW0093_1,LearningPlatformBeaver-2024-01-31-Wildlife_Camera,SYFW0093,sequence1,2024-01-28T12:27:00-0600,2024-01-28T12:27:00-0600,media,unclassified,,,,,,,,,,,,,,,,,,,,
SYFW0094_1,LearningPlatformBeaver-2024-01-31-Wildlife_Camera,SYFW0094,sequence1,2024-01-28T06:27:12-0600,2024-01-28T06:27:12-0600,media,unclassified,,,,,,,,,,,,,,,,,,,,
SYFW0095_1,LearningPlatformBeaver-2024-01-31-Wildlife_Camera,SYFW0095,sequence1,2024-01-28T12:29:44-0600,2024-01-28T12:29:44-0600,media,unclassified,,,,,,,,,,,,,,,,,,,,
SYFW0096_1,LearningPlatformBeaver-2024-01-31-Wildlife_Camera,SYFW0096,sequence1,2024-01-28T06:29:56-0600,2024-01-28T06:29:56-0600,media,unclassified,,,,,,,,,,,,,,,,,,,,
SYFW0097_1,LearningPlatformBeaver-2024-01-31-Wildlife_Camera,SYFW0097,sequence1,2024-01-28T13:00:24-0600,2024-01-28T13:00:24-0600,media,unclassified,,,,,,,,,,,,,,,,,,,,
SYFW0098_1,LearningPlatformBeaver-2024-01-31-Wildlife_Camera,SYFW0098,sequence1,2024-01-28T07:00:36-0600,2024-01-28T07:00:36-0600,media,unclassified,,,,,,,,,,,,,,,,,,,,
SYFW0099_1,LearningPlatformBeaver-2024-01-31-Wildlife_Camera,SYFW0099,sequence1,2024-01-28T13:02:17-0600,2024-01-28T13:02:17-0600,media,unclassified,,,,,,,,,,,,,,,,,,,,
SYFW0100_1,LearningPlatformBeaver-2024-01-31-Wildlife_Camera,SYFW0100,sequence1,2024-01-28T07:02:30-0600,2024-01-28T07:02:30-0600,media,unclassified,,,,,,,,,,,,,,,,,,,,
SYFW0101_1,LearningPlatformBeaver-2024-01-31-Wildlife_Camera,SYFW0101,sequence1,2024-01-28T13:38:48-0600,2024-01-28T13:38:48-0600,media,unclassified,,,,,,,,,,,,,,,,,,,,
SYFW0102_1,LearningPlatformBeaver-2024-01-31-Wildlife_Camera,SYFW0102,sequence1,2024-01-28T07:39:00-0600,2024-01-28T07:39:00-0600,media,unclassified,,,,,,,,,,,,,,,,,,,,
SYFW0103_1,LearningPlatformBeaver-2024-01-31-Wildlife_Camera,SYFW0103,sequence1,2024-01-28T13:40:16-0600,2024-01-28T13:40:16-0600,media,unclassified,,,,,,,,,,,,,,,,,,,,
SYFW0104_1,LearningPlatformBeaver-2024-01-31-Wildlife_Camera,SYFW0104,sequence1,2024-01-28T07:40:28-0600,2024-01-28T07:40:28-0600,media,unclassified,,,,,,,,,,,,,,,,,,,,
SYFW0105_1,LearningPlatformBeaver-2024-01-31-Wildlife_Camera,SYFW0105,sequence1,2024-01-28T14:09:46-0600,2024-01-28T14:09:46-0600,media,unclassified,,,,,,,,,,,,,,,,,,,,
SYFW0106_1,LearningPlatformBeaver-2024-01-31-Wildlife_Camera,SYFW0106,sequence1,2024-01-28T08:09:58-0600,2024-01-28T08:09:58-0600,media,unclassified,,,,,,,,,,,,,,,,,,,,
SYFW0107_1,LearningPlatformBeaver-2024-01-31-Wildlife_Camera,SYFW0107,sequence1,2024-01-28T14:10:43-0600,2024-01-28T14:10:43-0600,media,unclassified,,,,,,,,,,,,,,,,,,,,
SYFW0108_1,LearningPlatformBeaver-2024-01-31-Wildlife_Camera,SYFW0108,sequence1,2024-01-28T08:10:54-0600,2024-01-28T08:10:54-0600,media,unclassified,,,,,,,,,,,,,,,,,,,,
SYFW0109_1,LearningPlatformBeaver-2024-01-31-Wildlife_Camera,SYFW0109,sequence1,2024-01-28T14:19:08-0600,2024-01-28T14:19:08-0600,media,unclassified,,,,,,,,,,,,,,,,,,,,
SYFW0110_1,LearningPlatformBeaver-2024-01-31-Wildlife_Camera,SYFW0110,sequence1,2024-01-29T02:19:05-0600,2024-01-29T02:19:05-0600,media,unclassified,,,,,,,,,,,,,,,,,,,,
SYFW0111_1,LearningPlatformBeaver-2024-01-31-Wildlife_Camera,SYFW0111,sequence1,2024-01-29T07:57:50-0600,2024-01-29T07:57:50-0600,media,unclassified,,,,,,,,,,,,,,,,,,,,
SYFW0112_1,LearningPlatformBeaver-2024-01-31-Wildlife_Camera,SYFW0112,sequence1,2024-01-29T01:58:02-0600,2024-01-29T01:58:02-0600,media,unclassified,,,,,,,,,,,,,,,,,,,,
SYFW0113_1,LearningPlatformBeaver-2024-01-31-Wildlife_Camera,SYFW0113,sequence1,2024-01-29T08:27:12-0600,2024-01-29T08:27:12-0600,media,unclassified,,,,,,,,,,,,,,,,,,,,
SYFW0114_1,LearningPlatformBeaver-2024-01-31-Wildlife_Camera,SYFW0114,sequence1,2024-01-29T02:27:24-0600,2024-01-29T02:27:24-0600,media,unclassified,,,,,,,,,,,,,,,,,,,,
SYFW0115_1,LearningPlatformBeaver-2024-01-31-Wildlife_Camera,SYFW0115,sequence1,2024-01-29T08:28:27-0600,2024-01-29T08:28:27-0600,media,unclassified,,,,,,,,,,,,,,,,,,,,
SYFW0116_1,LearningPlatformBeaver-2024-01-31-Wildlife_Camera,SYFW0116,sequence1,2024-01-29T02:28:40-0600,2024-01-29T02:28:40-0600,media,unclassified,,,,,,,,,,,,,,,,,,,,
SYFW0117_1,LearningPlatformBeaver-2024-01-31-Wildlife_Camera,SYFW0117,sequence1,2024-01-29T10:12:04-0600,2024-01-29T10:12:04-0600,media,unclassified,,,,,,,,,,,,,,,,,,,,
SYFW0118_1,LearningPlatformBeaver-2024-01-31-Wildlife_Camera,SYFW0118,sequence1,2024-01-29T04:12:16-0600,2024-01-29T04:12:16-0600,media,unclassified,,,,,,,,,,,,,,,,,,,,
SYFW0119_1,LearningPlatformBeaver-2024-01-31-Wildlife_Camera,SYFW0119,sequence1,2024-01-29T10:15:02-0600,2024-01-29T10:15:02-0600,media,unclassified,,,,,,,,,,,,,,,,,,,,
SYFW0120_1,LearningPlatformBeaver-2024-01-31-Wildlife_Camera,SYFW0120,sequence1,2024-01-29T04:15:14-0600,2024-01-29T04:15:14-0600,media,unclassified,,,,,,,,,,,,,,,,,,,,
SYFW0121_1,LearningPlatformBeaver-2024-01-31-Wildlife_Camera,SYFW0121,sequence1,2024-01-29T10:47:17-0600,2024-01-29T10:47:17-0600,media,unclassified,,,,,,,,,,,,,,,,,,,,
SYFW0122_1,LearningPlatformBeaver-2024-01-31-Wildlife_Camera,SYFW0122,sequence1,2024-01-29T04:47:30-0600,2024-01-29T04:47:30-0600,media,unclassified,,,,,,,,,,,,,,,,,,,,
SYFW0123_1,LearningPlatformBeaver-2024-01-31-Wildlife_Camera,SYFW0123,sequence1,2024-01-29T10:50:52-0600,2024-01-29T10:50:52-0600,media,unclassified,,,,,,,,,,,,,,,,,,,,
SYFW0124_1,LearningPlatformBeaver-2024-01-31-Wildlife_Camera,SYFW0124,sequence1,2024-01-29T04:51:04-0600,2024-01-29T04:51:04-0600,media,unclassified,,,,,,,,,,,,,,,,,,,,
SYFW0125_1,LearningPlatformBeaver-2024-01-31-Wildlife_Camera,SYFW0125,sequence1,2024-01-29T10:51:21-0600,2024-01-29T10:51:21-0600,media,unclassified,,,,,,,,,,,,,,,,,,,,
SYFW0126_1,LearningPlatformBeaver-2024-01-31-Wildlife_Camera,SYFW0126,sequence1,2024-01-29T04:51:34-0600,2024-01-29T04:51:34-0600,media,unclassified,,,,,,,,,,,,,,,,,,,,
SYFW0127_1,LearningPlatformBeaver-2024-01-31-Wildlife_Camera,SYFW0127,sequence1,2024-01-29T12:05:39-0600,2024-01-29T12:05:39-0600,media,unclassified,,,,,,,,,,,,,,,,,,,,
SYFW0128_1,LearningPlatformBeaver-2024-01-31-Wildlife_Camera,SYFW0128,sequence1,2024-01-29T06:05:52-0600,2024-01-29T06:05:52-0600,media,unclassified,,,,,,,,,,,,,,,,,,,,
SYFW0129_1,LearningPlatformBeaver-2024-01-31-Wildlife_Camera,SYFW0129,sequence1,2024-01-29T12:11:34-0600,2024-01-29T12:11:34-0600,media,unclassified,,,,,,,,,,,,,,,,,,,,
SYFW0130_1,LearningPlatformBeaver-2024-01-31-Wildlife_Camera,SYFW0130,sequence1,2024-01-29T06:11:46-0600,2024-01-29T06:11:46-0600,media,unclassified,,,,,,,,,,,,,,,,,,,,
SYFW0131_1,LearningPlatformBeaver-2024-01-31-Wildlife_Camera,SYFW0131,sequence1,2024-01-29T12:13:35-0600,2024-01-29T12:13:35-0600,media,unclassified,,,,,,,,,,,,,,,,,,,,
SYFW0132_1,LearningPlatformBeaver-2024-01-31-Wildlife_Camera,SYFW0132,sequence1,2024-01-29T06:13:48-0600,2024-01-29T06:13:48-0600,media,unclassified,,,,,,,,,,,,,,,,,,,,
SYFW0133_1,LearningPlatformBeaver-2024-01-31-Wildlife_Camera,SYFW0133,sequence1,2024-01-29T12:16:03-0600,2024-01-29T12:16:03-0600,media,unclassified,,,,,,,,,,,,,,,,,,,,
SYFW0134_1,LearningPlatformBeaver-2024-01-31-Wildlife_Camera,SYFW0134,sequence1,2024-01-29T06:16:16-0600,2024-01-29T06:16:16-0600,media,unclassified,,,,,,,,,,,,,,,,,,,,
SYFW0135_1,LearningPlatformBeaver-2024-01-31-Wildlife_Camera,SYFW0135,sequence1,2024-01-29T12:18:12-0600,2024-01-29T12:18:12-0600,media,unclassified,,,,,,,,,,,,,,,,,,,,
SYFW0136_1,LearningPlatformBeaver-2024-01-31-Wildlife_Camera,SYFW0136,sequence1,2024-01-29T06:18:24-0600,2024-01-29T06:18:24-0600,media,unclassified,,,,,,,,,,,,,,,,,,,,
SYFW0137_1,LearningPlatformBeaver-2024-01-31-Wildlife_Camera,SYFW0137,sequence1,2024-01-29T12:19:47-0600,2024-01-29T12:19:47-0600,media,unclassified,,,,,,,,,,,,,,,,,,,,
SYFW0138_1,LearningPlatformBeaver-2024-01-31-Wildlife_Camera,SYFW0138,sequence1,2024-01-29T06:19:58-0600,2024-01-29T06:19:58-0600,media,unclassified,,,,,,,,,,,,,,,,,,,,
SYFW0139_1,LearningPlatformBeaver-2024-01-31-Wildlife_Camera,SYFW0139,sequence1,2024-01-29T12:21:54-0600,2024-01-29T12:21:54-0600,media,unclassified,,,,,,,,,,,,,,,,,,,,
SYFW0140_1,LearningPlatformBeaver-2024-01-31-Wildlife_Camera,SYFW0140,sequence1,2024-01-29T06:22:06-0600,2024-01-29T06:22:06-0600,media,unclassified,,,,,,,,,,,,,,,,,,,,
SYFW0141_1,LearningPlatformBeaver-2024-01-31-Wildlife_Camera,SYFW0141,sequence1,2024-01-29T12:24:46-0600,2024-01-29T12:24:46-0600,media,unclassified,,,,,,,,,,,,,,,,,,,,
SYFW0142_1,LearningPlatformBeaver-2024-01-31-Wildlife_Camera,SYFW0142,sequence1,2024-01-29T06:24:58-0600,2024-01-29T06:24:58-0600,media,unclassified,,,,,,,,,,,,,,,,,,,,
SYFW0143_1,LearningPlatformBeaver-2024-01-31-Wildlife_Camera,SYFW0143,sequence1,2024-01-29T13:02:47-0600,2024-01-29T13:02:47-0600,media,unclassified,,,,,,,,,,,,,,,,,,,,
SYFW0145_1,LearningPlatformBeaver-2024-01-31-Wildlife_Camera,SYFW0145,sequence1,2024-01-29T13:36:14-0600,2024-01-29T13:36:14-0600,media,unclassified,,,,,,,,,,,,,,,,,,,,
SYFW0146_1,LearningPlatformBeaver-2024-01-31-Wildlife_Camera,SYFW0146,sequence1,2024-01-29T07:36:26-0600,2024-01-29T07:36:26-0600,media,unclassified,,,,,,,,,,,,,,,,,,,,
SYFW0147_1,LearningPlatformBeaver-2024-01-31-Wildlife_Camera,SYFW0147,sequence1,2024-01-29T13:36:44-0600,2024-01-29T13:36:44-0600,media,unclassified,,,,,,,,,,,,,,,,,,,,
SYFW0148_1,LearningPlatformBeaver-2024-01-31-Wildlife_Camera,SYFW0148,sequence1,2024-01-29T07:36:56-0600,2024-01-29T07:36:56-0600,media,unclassified,,,,,,,,,,,,,,,,,,,,
SYFW0149_1,LearningPlatformBeaver-2024-01-31-Wildlife_Camera,SYFW0149,sequence1,2024-01-29T13:37:53-0600,2024-01-29T13:37:53-0600,media,unclassified,,,,,,,,,,,,,,,,,,,,
SYFW0150_1,LearningPlatformBeaver-2024-01-31-Wildlife_Camera,SYFW0150,sequence1,2024-01-29T07:38:06-0600,2024-01-29T07:38:06-0600,media,unclassified,,,,,,,,,,,,,,,,,,,,
SYFW0151_1,LearningPlatformBeaver-2024-01-31-Wildlife_Camera,SYFW0151,sequence1,2024-01-29T13:40:24-0600,2024-01-29T13:40:24-0600,media,unclassified,,,,,,,,,,,,,,,,,,,,
SYFW0152_1,LearningPlatformBeaver-2024-01-31-Wildlife_Camera,SYFW0152,sequence1,2024-01-29T07:40:36-0600,2024-01-29T07:40:36-0600,media,unclassified,,,,,,,,,,,,,,,,,,,,
SYFW0153_1,LearningPlatformBeaver-2024-01-31-Wildlife_Camera,SYFW0153,sequence1,2024-01-29T13:43:25-0600,2024-01-29T13:43:25-0600,media,unclassified,,,,,,,,,,,,,,,,,,,,
SYFW0154_1,LearningPlatformBeaver-2024-01-31-Wildlife_Camera,SYFW0154,sequence1,2024-01-29T07:43:38-0600,2024-01-29T07:43:38-0600,media,unclassified,,,,,,,,,,,,,,,,,,,,
SYFW0155_1,LearningPlatformBeaver-2024-01-31-Wildlife_Camera,SYFW0155,sequence1,2024-01-29T13:47:06-0600,2024-01-29T13:47:06-0600,media,unclassified,,,,,,,,,,,,,,,,,,,,
SYFW0156_1,LearningPlatformBeaver-2024-01-31-Wildlife_Camera,SYFW0156,sequence1,2024-01-29T07:47:18-0600,2024-01-29T07:47:18-0600,media,unclassified,,,,,,,,,,,,,,,,,,,,
SYFW0157_1,LearningPlatformBeaver-2024-01-31-Wildlife_Camera,SYFW0157,sequence1,2024-01-29T14:19:09-0600,2024-01-29T14:19:09-0600,media,unclassified,,,,,,,,,,,,,,,,,,,,
SYFW0158_1,LearningPlatformBeaver-2024-01-31-Wildlife_Camera,SYFW0158,sequence1,2024-01-29T14:19:28-0600,2024-01-29T14:19:28-0600,media,unclassified,,,,,,,,,,,,,,,,,,,,
SYFW0159_1,LearningPlatformBeaver-2024-01-31-Wildlife_Camera,SYFW0159,sequence1,2024-01-29T08:19:40-0600,2024-01-29T08:19:40-0600,media,unclassified,,,,,,,,,,,,,,,,,,,,
SYFW0160_1,LearningPlatformBeaver-2024-01-31-Wildlife_Camera,SYFW0160,sequence1,2024-01-29T14:22:58-0600,2024-01-29T14:22:58-0600,media,unclassified,,,,,,,,,,,,,,,,,,,,
SYFW0161_1,LearningPlatformBeaver-2024-01-31-Wildlife_Camera,SYFW0161,sequence1,2024-01-29T08:23:10-0600,2024-01-29T08:23:10-0600,media,unclassified,,,,,,,,,,,,,,,,,,,,
SYFW0162_1,LearningPlatformBeaver-2024-01-31-Wildlife_Camera,SYFW0162,sequence1,2024-01-29T14:52:50-0600,2024-01-29T14:52:50-0600,media,unclassified,,,,,,,,,,,,,,,,,,,,
SYFW0163_1,LearningPlatformBeaver-2024-01-31-Wildlife_Camera,SYFW0163,sequence1,2024-01-29T08:53:02-0600,2024-01-29T08:53:02-0600,media,unclassified,,,,,,,,,,,,,,,,,,,,
SYFW0164_1,LearningPlatformBeaver-2024-01-31-Wildlife_Camera,SYFW0164,sequence1,2024-01-29T14:54:44-0600,2024-01-29T14:54:44-0600,media,unclassified,,,,,,,,,,,,,,,,,,,,
SYFW0165_1,LearningPlatformBeaver-2024-01-31-Wildlife_Camera,SYFW0165,sequence1,2024-01-29T08:54:56-0600,2024-01-29T08:54:56-0600,media,unclassified,,,,,,,,,,,,,,,,,,,,
SYFW0166_1,LearningPlatformBeaver-2024-01-31-Wildlife_Camera,SYFW0166,sequence1,2024-01-29T14:59:39-0600,2024-01-29T14:59:39-0600,media,unclassified,,,,,,,,,,,,,,,,,,,,
SYFW0167_1,LearningPlatformBeaver-2024-01-31-Wildlife_Camera,SYFW0167,sequence1,2024-01-29T08:59:52-0600,2024-01-29T08:59:52-0600,media,unclassified,,,,,,,,,,,,,,,,,,,,
SYFW0168_1,LearningPlatformBeaver-2024-01-31-Wildlife_Camera,SYFW0168,sequence1,2024-01-29T15:12:24-0600,2024-01-29T15:12:24-0600,media,unclassified,,,,,,,,,,,,,,,,,,,,
SYFW0169_1,LearningPlatformBeaver-2024-01-31-Wildlife_Camera,SYFW0169,sequence1,2024-01-29T09:12:36-0600,2024-01-29T09:12:36-0600,media,unclassified,,,,,,,,,,,,,,,,,,,,
SYFW0170_1,LearningPlatformBeaver-2024-01-31-Wildlife_Camera,SYFW0170,sequence1,2024-01-29T15:15:02-0600,2024-01-29T15:15:02-0600,media,unclassified,,,,,,,,,,,,,,,,,,,,
SYFW0171_1,LearningPlatformBeaver-2024-01-31-Wildlife_Camera,SYFW0171,sequence1,2024-01-29T09:15:16-0600,2024-01-29T09:15:16-0600,media,unclassified,,Anatidae,1,,,,,,,,,,,,,Bethanie Royality-Lindman,4:36:07 PM,,,Duck landing in water
SYFW0172_1,LearningPlatformBeaver-2024-01-31-Wildlife_Camera,SYFW0172,sequence1,2024-01-29T16:28:02-0600,2024-01-29T16:28:02-0600,media,unclassified,,,,,,,,,,,,,,,,,,,,
SYFW0173_1,LearningPlatformBeaver-2024-01-31-Wildlife_Camera,SYFW0173,sequence1,2024-01-29T10:28:14-0600,2024-01-29T10:28:14-0600,media,unclassified,,Passeriformes,1,,,,,,,,,,,,,Bethanie Royality-Lindman,4:37:17 PM,,,Bird
SYFW0174_1,LearningPlatformBeaver-2024-01-31-Wildlife_Camera,SYFW0174,sequence1,2024-01-29T16:29:43-0600,2024-01-29T16:29:43-0600,media,unclassified,,,,,,,,,,,,,,,,,,,,
SYFW0175_1,LearningPlatformBeaver-2024-01-31-Wildlife_Camera,SYFW0175,sequence1,2024-01-29T10:29:56-0600,2024-01-29T10:29:56-0600,media,unclassified,,,1,,,,,,,,,,,,,Bethanie Royality-Lindman,4:38:06 PM,,,Seagull
SYFW0176_1,LearningPlatformBeaver-2024-01-31-Wildlife_Camera,SYFW0176,sequence1,2024-01-29T17:16:42-0600,2024-01-29T17:16:42-0600,media,unclassified,,,,,,,,,,,,,,,,,,,,
SYFW0177_1,LearningPlatformBeaver-2024-01-31-Wildlife_Camera,SYFW0177,sequence1,2024-01-29T11:16:54-0600,2024-01-29T11:16:54-0600,media,unclassified,,,,,,,,,,,,,,,,,,,,
SYFW0178_1,LearningPlatformBeaver-2024-01-31-Wildlife_Camera,SYFW0178,sequence1,2024-01-29T17:19:30-0600,2024-01-29T17:19:30-0600,media,unclassified,,,,,,,,,,,,,,,,,,,,
SYFW0179_1,LearningPlatformBeaver-2024-01-31-Wildlife_Camera,SYFW0179,sequence1,2024-01-29T11:19:42-0600,2024-01-29T11:19:42-0600,media,unclassified,,,,,,,,,,,,,,,,,,,,
SYFW0180_1,LearningPlatformBeaver-2024-01-31-Wildlife_Camera,SYFW0180,sequence1,2024-01-30T02:19:06-0600,2024-01-30T02:19:06-0600,media,unclassified,,,,,,,,,,,,,,,,,,,,
SYFW0181_1,LearningPlatformBeaver-2024-01-31-Wildlife_Camera,SYFW0181,sequence1,2024-01-30T10:43:15-0600,2024-01-30T10:43:15-0600,media,unclassified,,,,,,,,,,,,,,,,,,,,
SYFW0182_1,LearningPlatformBeaver-2024-01-31-Wildlife_Camera,SYFW0182,sequence1,2024-01-30T04:43:26-0600,2024-01-30T04:43:26-0600,media,unclassified,,,,,,,,,,,,,,,,,,,,
SYFW0183_1,LearningPlatformBeaver-2024-01-31-Wildlife_Camera,SYFW0183,sequence1,2024-01-30T11:22:39-0600,2024-01-30T11:22:39-0600,media,unclassified,,,1,,,,,,,,,,,,,Bethanie Royality-Lindman,4:53:55 PM,,,"Maybe a goose, maybe a duck"
SYFW0184_1,LearningPlatformBeaver-2024-01-31-Wildlife_Camera,SYFW0184,sequence1,2024-01-30T05:22:52-0600,2024-01-30T05:22:52-0600,media,unclassified,,Branta canadensis,1,,,,,,,,,,,,,Bethanie Royality-Lindman,4:41:25 PM,,,Canada Goose
SYFW0185_1,LearningPlatformBeaver-2024-01-31-Wildlife_Camera,SYFW0185,sequence1,2024-01-30T11:36:10-0600,2024-01-30T11:36:10-0600,media,unclassified,,Branta canadensis,1,,,,,,,,,,,,,Bethanie Royality-Lindman,4:41:25 PM,,,Canada Goose
SYFW0186_1,LearningPlatformBeaver-2024-01-31-Wildlife_Camera,SYFW0186,sequence1,2024-01-30T05:36:22-0600,2024-01-30T05:36:22-0600,media,unclassified,,Branta canadensis,2,,,,,,,,,,,,,Bethanie Royality-Lindman,4:41:25 PM,,,Canada Goose
SYFW0187_1,LearningPlatformBeaver-2024-01-31-Wildlife_Camera,SYFW0187,sequence1,2024-01-30T11:38:35-0600,2024-01-30T11:38:35-0600,media,unclassified,,Branta canadensis,2,,,,,,,,,,,,,Bethanie Royality-Lindman,4:41:25 PM,,,Canada Goose
SYFW0188_1,LearningPlatformBeaver-2024-01-31-Wildlife_Camera,SYFW0188,sequence1,2024-01-30T05:38:48-0600,2024-01-30T05:38:48-0600,media,unclassified,,,,,,,,,,,,,,,,,,,,
SYFW0189_1,LearningPlatformBeaver-2024-01-31-Wildlife_Camera,SYFW0189,sequence1,2024-01-30T11:41:46-0600,2024-01-30T11:41:46-0600,media,unclassified,,,,,,,,,,,,,,,,,,,,
SYFW0190_1,LearningPlatformBeaver-2024-01-31-Wildlife_Camera,SYFW0190,sequence1,2024-01-30T05:41:58-0600,2024-01-30T05:41:58-0600,media,unclassified,,,,,,,,,,,,,,,,,,,,
SYFW0191_1,LearningPlatformBeaver-2024-01-31-Wildlife_Camera,SYFW0191,sequence1,2024-01-30T11:44:12-0600,2024-01-30T11:44:12-0600,media,unclassified,,,,,,,,,,,,,,,,,,,,
SYFW0192_1,LearningPlatformBeaver-2024-01-31-Wildlife_Camera,SYFW0192,sequence1,2024-01-30T05:44:24-0600,2024-01-30T05:44:24-0600,media,unclassified,,,,,,,,,,,,,,,,,,,,
SYFW0193_1,LearningPlatformBeaver-2024-01-31-Wildlife_Camera,SYFW0193,sequence1,2024-01-30T11:46:55-0600,2024-01-30T11:46:55-0600,media,unclassified,,,,,,,,,,,,,,,,,,,,
SYFW0194_1,LearningPlatformBeaver-2024-01-31-Wildlife_Camera,SYFW0194,sequence1,2024-01-30T05:47:08-0600,2024-01-30T05:47:08-0600,media,unclassified,,,,,,,,,,,,,,,,,,,,
SYFW0195_1,LearningPlatformBeaver-2024-01-31-Wildlife_Camera,SYFW0195,sequence1,2024-01-30T11:48:34-0600,2024-01-30T11:48:34-0600,media,unclassified,,Anatidae,1,,,,,,,,,,,,,Bethanie Royality-Lindman,4:46:47 PM,,,Duck
SYFW0196_1,LearningPlatformBeaver-2024-01-31-Wildlife_Camera,SYFW0196,sequence1,2024-01-30T05:48:46-0600,2024-01-30T05:48:46-0600,media,unclassified,,,,,,,,,,,,,,,,,,,,
SYFW0197_1,LearningPlatformBeaver-2024-01-31-Wildlife_Camera,SYFW0197,sequence1,2024-01-30T12:18:29-0600,2024-01-30T12:18:29-0600,media,unclassified,,,,,,,,,,,,,,,,,,,,
SYFW0198_1,LearningPlatformBeaver-2024-01-31-Wildlife_Camera,SYFW0198,sequence1,2024-01-30T06:18:40-0600,2024-01-30T06:18:40-0600,media,unclassified,,,,,,,,,,,,,,,,,,,,
SYFW0199_1,LearningPlatformBeaver-2024-01-31-Wildlife_Camera,SYFW0199,sequence1,2024-01-30T12:20:25-0600,2024-01-30T12:20:25-0600,media,unclassified,,,,,,,,,,,,,,,,,,,,
SYFW0200_1,LearningPlatformBeaver-2024-01-31-Wildlife_Camera,SYFW0200,sequence1,2024-01-30T06:20:38-0600,2024-01-30T06:20:38-0600,media,unclassified,,Anatidae,1,,,,,,,,,,,,,Bethanie Royality-Lindman,4:50:37 PM,,,Duck
SYFW0201_1,LearningPlatformBeaver-2024-01-31-Wildlife_Camera,SYFW0201,sequence1,2024-01-30T12:58:38-0600,2024-01-30T12:58:38-0600,media,unclassified,,Anatidae,2,,,,,,,,,,,,,Bethanie Royality-Lindman,4:50:37 PM,,,Duck
SYFW0202_1,LearningPlatformBeaver-2024-01-31-Wildlife_Camera,SYFW0202,sequence1,2024-01-30T06:58:50-0600,2024-01-30T06:58:50-0600,media,unclassified,,,,,,,,,,,,,,,,,,,,
SYFW0203_1,LearningPlatformBeaver-2024-01-31-Wildlife_Camera,SYFW0203,sequence1,2024-01-30T13:00:11-0600,2024-01-30T13:00:11-0600,media,unclassified,,,,,,,,,,,,,,,,,,,,
SYFW0204_1,LearningPlatformBeaver-2024-01-31-Wildlife_Camera,SYFW0204,sequence1,2024-01-30T07:00:24-0600,2024-01-30T07:00:24-0600,media,unclassified,,,,,,,,,,,,,,,,,,,,
SYFW0205_1,LearningPlatformBeaver-2024-01-31-Wildlife_Camera,SYFW0205,sequence1,2024-01-30T14:19:08-0600,2024-01-30T14:19:08-0600,media,unclassified,,,,,,,,,,,,,,,,,,,,
SYFW0206_1,LearningPlatformBeaver-2024-01-31-Wildlife_Camera,SYFW0206,sequence1,2024-01-30T14:20:03-0600,2024-01-30T14:20:03-0600,media,unclassified,,,,,,,,,,,,,,,,,,,,
SYFW0207_1,LearningPlatformBeaver-2024-01-31-Wildlife_Camera,SYFW0207,sequence1,2024-01-30T08:20:16-0600,2024-01-30T08:20:16-0600,media,unclassified,,,,,,,,,,,,,,,,,,,,
SYFW0208_1,LearningPlatformBeaver-2024-01-31-Wildlife_Camera,SYFW0208,sequence1,2024-01-30T14:21:32-0600,2024-01-30T14:21:32-0600,media,unclassified,,,,,,,,,,,,,,,,,,,,
SYFW0209_1,LearningPlatformBeaver-2024-01-31-Wildlife_Camera,SYFW0209,sequence1,2024-01-30T08:21:44-0600,2024-01-30T08:21:44-0600,media,unclassified,,,,,,,,,,,,,,,,,,,,
SYFW0210_1,LearningPlatformBeaver-2024-01-31-Wildlife_Camera,SYFW0210,sequence1,2024-01-30T15:01:44-0600,2024-01-30T15:01:44-0600,media,unclassified,,,,,,,,,,,,,,,,,,,,
SYFW0211_1,LearningPlatformBeaver-2024-01-31-Wildlife_Camera,SYFW0211,sequence1,2024-01-30T09:01:56-0600,2024-01-30T09:01:56-0600,media,unclassified,,,,,,,,,,,,,,,,,,,,
SYFW0212_1,LearningPlatformBeaver-2024-01-31-Wildlife_Camera,SYFW0212,sequence1,2024-01-30T15:19:52-0600,2024-01-30T15:19:52-0600,media,unclassified,,,,,,,,,,,,,,,,,,,,
SYFW0213_1,LearningPlatformBeaver-2024-01-31-Wildlife_Camera,SYFW0213,sequence1,2024-01-30T09:20:04-0600,2024-01-30T09:20:04-0600,media,unclassified,,,,,,,,,,,,,,,,,,,,
SYFW0214_1,LearningPlatformBeaver-2024-01-31-Wildlife_Camera,SYFW0214,sequence1,2024-01-30T16:07:20-0600,2024-01-30T16:07:20-0600,media,unclassified,,,,,,,,,,,,,,,,,,,,
SYFW0215_1,LearningPlatformBeaver-2024-01-31-Wildlife_Camera,SYFW0215,sequence1,2024-01-30T10:07:32-0600,2024-01-30T10:07:32-0600,media,unclassified,,,,,,,,,,,,,,,,,,,,
SYFW0216_1,LearningPlatformBeaver-2024-01-31-Wildlife_Camera,SYFW0216,sequence1,2024-01-30T16:11:02-0600,2024-01-30T16:11:02-0600,media,unclassified,,,,,,,,,,,,,,,,,,,,
SYFW0217_1,LearningPlatformBeaver-2024-01-31-Wildlife_Camera,SYFW0217,sequence1,2024-01-30T10:11:14-0600,2024-01-30T10:11:14-0600,media,unclassified,,,,,,,,,,,,,,,,,,,,
SYFW0218_1,LearningPlatformBeaver-2024-01-31-Wildlife_Camera,SYFW0218,sequence1,2024-01-30T16:26:27-0600,2024-01-30T16:26:27-0600,media,unclassified,,,,,,,,,,,,,,,,,,,,
SYFW0219_1,LearningPlatformBeaver-2024-01-31-Wildlife_Camera,SYFW0219,sequence1,2024-01-30T10:26:40-0600,2024-01-30T10:26:40-0600,media,unclassified,,,,,,,,,,,,,,,,,,,,
SYFW0220_1,LearningPlatformBeaver-2024-01-31-Wildlife_Camera,SYFW0220,sequence1,2024-01-30T16:28:54-0600,2024-01-30T16:28:54-0600,media,unclassified,,,,,,,,,,,,,,,,,,,,
SYFW0221_1,LearningPlatformBeaver-2024-01-31-Wildlife_Camera,SYFW0221,sequence1,2024-01-30T10:29:06-0600,2024-01-30T10:29:06-0600,media,unclassified,,,,,,,,,,,,,,,,,,,,
SYFW0222_1,LearningPlatformBeaver-2024-01-31-Wildlife_Camera,SYFW0222,sequence1,2024-01-30T17:00:52-0600,2024-01-30T17:00:52-0600,media,unclassified,,,,,,,,,,,,,,,,,,,,
SYFW0223_1,LearningPlatformBeaver-2024-01-31-Wildlife_Camera,SYFW0223,sequence1,2024-01-30T11:01:04-0600,2024-01-30T11:01:04-0600,media,unclassified,,,,,,,,,,,,,,,,,,,,
SYFW0224_1,LearningPlatformBeaver-2024-01-31-Wildlife_Camera,SYFW0224,sequence1,2024-01-30T17:02:12-0600,2024-01-30T17:02:12-0600,media,unclassified,,,,,,,,,,,,,,,,,,,,
SYFW0225_1,LearningPlatformBeaver-2024-01-31-Wildlife_Camera,SYFW0225,sequence1,2024-01-30T11:02:24-0600,2024-01-30T11:02:24-0600,media,unclassified,,,,,,,,,,,,,,,,,,,,
SYFW0226_1,LearningPlatformBeaver-2024-01-31-Wildlife_Camera,SYFW0226,sequence1,2024-01-30T18:22:56-0600,2024-01-30T18:22:56-0600,media,unclassified,,,,,,,,,,,,,,,,,,,,
SYFW0227_1,LearningPlatformBeaver-2024-01-31-Wildlife_Camera,SYFW0227,sequence1,2024-01-30T12:23:10-0600,2024-01-30T12:23:10-0600,media,unclassified,,,,,,,,,,,,,,,,,,,,
SYFW0228_1,LearningPlatformBeaver-2024-01-31-Wildlife_Camera,SYFW0228,sequence1,2024-01-30T18:23:33-0600,2024-01-30T18:23:33-0600,media,unclassified,,,,,,,,,,,,,,,,,,,,
SYFW0229_1,LearningPlatformBeaver-2024-01-31-Wildlife_Camera,SYFW0229,sequence1,2024-01-30T12:23:46-0600,2024-01-30T12:23:46-0600,media,unclassified,,,,,,,,,,,,,,,,,,,,
SYFW0230_1,LearningPlatformBeaver-2024-01-31-Wildlife_Camera,SYFW0230,sequence1,2024-01-30T18:24:02-0600,2024-01-30T18:24:02-0600,media,unclassified,,,,,,,,,,,,,,,,,,,,
SYFW0231_1,LearningPlatformBeaver-2024-01-31-Wildlife_Camera,SYFW0231,sequence1,2024-01-30T12:24:14-0600,2024-01-30T12:24:14-0600,media,unclassified,,,,,,,,,,,,,,,,,,,,
SYFW0232_1,LearningPlatformBeaver-2024-01-31-Wildlife_Camera,SYFW0232,sequence1,2024-01-30T18:24:34-0600,2024-01-30T18:24:34-0600,media,unclassified,,,,,,,,,,,,,,,,,,,,
SYFW0233_1,LearningPlatformBeaver-2024-01-31-Wildlife_Camera,SYFW0233,sequence1,2024-01-30T12:24:46-0600,2024-01-30T12:24:46-0600,media,unclassified,,,,,,,,,,,,,,,,,,,,
SYFW0234_1,LearningPlatformBeaver-2024-01-31-Wildlife_Camera,SYFW0234,sequence1,2024-01-30T18:25:03-0600,2024-01-30T18:25:03-0600,media,unclassified,,,,,,,,,,,,,,,,,,,,
SYFW0235_1,LearningPlatformBeaver-2024-01-31-Wildlife_Camera,SYFW0235,sequence1,2024-01-30T12:25:16-0600,2024-01-30T12:25:16-0600,media,unclassified,,,,,,,,,,,,,,,,,,,,
SYFW0236_1,LearningPlatformBeaver-2024-01-31-Wildlife_Camera,SYFW0236,sequence1,2024-01-30T18:25:34-0600,2024-01-30T18:25:34-0600,media,unclassified,,,,,,,,,,,,,,,,,,,,
SYFW0237_1,LearningPlatformBeaver-2024-01-31-Wildlife_Camera,SYFW0237,sequence1,2024-01-30T12:25:48-0600,2024-01-30T12:25:48-0600,media,unclassified,,,,,,,,,,,,,,,,,,,,
SYFW0238_1,LearningPlatformBeaver-2024-01-31-Wildlife_Camera,SYFW0238,sequence1,2024-01-30T18:26:06-0600,2024-01-30T18:26:06-0600,media,unclassified,,,,,,,,,,,,,,,,,,,,
SYFW0239_1,LearningPlatformBeaver-2024-01-31-Wildlife_Camera,SYFW0239,sequence1,2024-01-30T12:26:20-0600,2024-01-30T12:26:20-0600,media,unclassified,,,,,,,,,,,,,,,,,,,,
SYFW0240_1,LearningPlatformBeaver-2024-01-31-Wildlife_Camera,SYFW0240,sequence1,2024-01-30T18:26:43-0600,2024-01-30T18:26:43-0600,media,unclassified,,,,,,,,,,,,,,,,,,,,
SYFW0241_1,LearningPlatformBeaver-2024-01-31-Wildlife_Camera,SYFW0241,sequence1,2024-01-30T12:27:00-0600,2024-01-30T12:27:00-0600,media,unclassified,,,,,,,,,,,,,,,,,,,,
SYFW0242_1,LearningPlatformBeaver-2024-01-31-Wildlife_Camera,SYFW0242,sequence1,2024-01-30T18:27:18-0600,2024-01-30T18:27:18-0600,media,unclassified,,,,,,,,,,,,,,,,,,,,
SYFW0243_1,LearningPlatformBeaver-2024-01-31-Wildlife_Camera,SYFW0243,sequence1,2024-01-30T12:27:34-0600,2024-01-30T12:27:34-0600,media,unclassified,,,,,,,,,,,,,,,,,,,,
SYFW0244_1,LearningPlatformBeaver-2024-01-31-Wildlife_Camera,SYFW0244,sequence1,2024-01-30T18:27:53-0600,2024-01-30T18:27:53-0600,media,unclassified,,,,,,,,,,,,,,,,,,,,
SYFW0245_1,LearningPlatformBeaver-2024-01-31-Wildlife_Camera,SYFW0245,sequence1,2024-01-30T12:28:08-0600,2024-01-30T12:28:08-0600,media,unclassified,,,,,,,,,,,,,,,,,,,,
SYFW0246_1,LearningPlatformBeaver-2024-01-31-Wildlife_Camera,SYFW0246,sequence1,2024-01-30T18:28:26-0600,2024-01-30T18:28:26-0600,media,unclassified,,,,,,,,,,,,,,,,,,,,
SYFW0247_1,LearningPlatformBeaver-2024-01-31-Wildlife_Camera,SYFW0247,sequence1,2024-01-30T12:28:40-0600,2024-01-30T12:28:40-0600,media,unclassified,,,,,,,,,,,,,,,,,,,,
SYFW0248_1,LearningPlatformBeaver-2024-01-31-Wildlife_Camera,SYFW0248,sequence1,2024-01-30T18:28:57-0600,2024-01-30T18:28:57-0600,media,unclassified,,,,,,,,,,,,,,,,,,,,
SYFW0249_1,LearningPlatformBeaver-2024-01-31-Wildlife_Camera,SYFW0249,sequence1,2024-01-30T12:29:10-0600,2024-01-30T12:29:10-0600,media,unclassified,,,,,,,,,,,,,,,,,,,,
SYFW0250_1,LearningPlatformBeaver-2024-01-31-Wildlife_Camera,SYFW0250,sequence1,2024-01-30T18:29:29-0600,2024-01-30T18:29:29-0600,media,unclassified,,,,,,,,,,,,,,,,,,,,
SYFW0251_1,LearningPlatformBeaver-2024-01-31-Wildlife_Camera,SYFW0251,sequence1,2024-01-30T12:29:46-0600,2024-01-30T12:29:46-0600,media,unclassified,,,,,,,,,,,,,,,,,,,,
SYFW0252_1,LearningPlatformBeaver-2024-01-31-Wildlife_Camera,SYFW0252,sequence1,2024-01-30T18:30:02-0600,2024-01-30T18:30:02-0600,media,unclassified,,,,,,,,,,,,,,,,,,,,
SYFW0253_1,LearningPlatformBeaver-2024-01-31-Wildlife_Camera,SYFW0253,sequence1,2024-01-30T12:30:16-0600,2024-01-30T12:30:16-0600,media,unclassified,,,,,,,,,,,,,,,,,,,,
SYFW0254_1,LearningPlatformBeaver-2024-01-31-Wildlife_Camera,SYFW0254,sequence1,2024-01-30T18:30:38-0600,2024-01-30T18:30:38-0600,media,unclassified,,,,,,,,,,,,,,,,,,,,
SYFW0255_1,LearningPlatformBeaver-2024-01-31-Wildlife_Camera,SYFW0255,sequence1,2024-01-30T12:30:50-0600,2024-01-30T12:30:50-0600,media,unclassified,,,,,,,,,,,,,,,,,,,,
SYFW0256_1,LearningPlatformBeaver-2024-01-31-Wildlife_Camera,SYFW0256,sequence1,2024-01-30T18:31:10-0600,2024-01-30T18:31:10-0600,media,unclassified,,,,,,,,,,,,,,,,,,,,
SYFW0257_1,LearningPlatformBeaver-2024-01-31-Wildlife_Camera,SYFW0257,sequence1,2024-01-30T12:31:22-0600,2024-01-30T12:31:22-0600,media,unclassified,,,,,,,,,,,,,,,,,,,,
SYFW0258_1,LearningPlatformBeaver-2024-01-31-Wildlife_Camera,SYFW0258,sequence1,2024-01-30T18:31:40-0600,2024-01-30T18:31:40-0600,media,unclassified,,,,,,,,,,,,,,,,,,,,
SYFW0259_1,LearningPlatformBeaver-2024-01-31-Wildlife_Camera,SYFW0259,sequence1,2024-01-30T12:31:52-0600,2024-01-30T12:31:52-0600,media,unclassified,,,,,,,,,,,,,,,,,,,,
SYFW0260_1,LearningPlatformBeaver-2024-01-31-Wildlife_Camera,SYFW0260,sequence1,2024-01-30T18:32:09-0600,2024-01-30T18:32:09-0600,media,unclassified,,,,,,,,,,,,,,,,,,,,
SYFW0261_1,LearningPlatformBeaver-2024-01-31-Wildlife_Camera,SYFW0261,sequence1,2024-01-30T12:32:22-0600,2024-01-30T12:32:22-0600,media,unclassified,,,,,,,,,,,,,,,,,,,,
SYFW0262_1,LearningPlatformBeaver-2024-01-31-Wildlife_Camera,SYFW0262,sequence1,2024-01-30T18:32:40-0600,2024-01-30T18:32:40-0600,media,unclassified,,,,,,,,,,,,,,,,,,,,
SYFW0263_1,LearningPlatformBeaver-2024-01-31-Wildlife_Camera,SYFW0263,sequence1,2024-01-30T12:32:52-0600,2024-01-30T12:32:52-0600,media,unclassified,,,,,,,,,,,,,,,,,,,,
SYFW0264_1,LearningPlatformBeaver-2024-01-31-Wildlife_Camera,SYFW0264,sequence1,2024-01-30T18:33:32-0600,2024-01-30T18:33:32-0600,media,unclassified,,,,,,,,,,,,,,,,,,,,
SYFW0265_1,LearningPlatformBeaver-2024-01-31-Wildlife_Camera,SYFW0265,sequence1,2024-01-30T12:33:46-0600,2024-01-30T12:33:46-0600,media,unclassified,,,,,,,,,,,,,,,,,,,,
SYFW0266_1,LearningPlatformBeaver-2024-01-31-Wildlife_Camera,SYFW0266,sequence1,2024-01-30T18:34:08-0600,2024-01-30T18:34:08-0600,media,unclassified,,,,,,,,,,,,,,,,,,,,
SYFW0267_1,LearningPlatformBeaver-2024-01-31-Wildlife_Camera,SYFW0267,sequence1,2024-01-30T12:34:22-0600,2024-01-30T12:34:22-0600,media,unclassified,,,,,,,,,,,,,,,,,,,,
SYFW0268_1,LearningPlatformBeaver-2024-01-31-Wildlife_Camera,SYFW0268,sequence1,2024-01-30T18:35:01-0600,2024-01-30T18:35:01-0600,media,unclassified,,,,,,,,,,,,,,,,,,,,
SYFW0269_1,LearningPlatformBeaver-2024-01-31-Wildlife_Camera,SYFW0269,sequence1,2024-01-30T12:35:16-0600,2024-01-30T12:35:16-0600,media,unclassified,,,,,,,,,,,,,,,,,,,,
SYFW0270_1,LearningPlatformBeaver-2024-01-31-Wildlife_Camera,SYFW0270,sequence1,2024-01-30T18:35:37-0600,2024-01-30T18:35:37-0600,media,unclassified,,,,,,,,,,,,,,,,,,,,
SYFW0271_1,LearningPlatformBeaver-2024-01-31-Wildlife_Camera,SYFW0271,sequence1,2024-01-30T12:35:54-0600,2024-01-30T12:35:54-0600,media,unclassified,,,,,,,,,,,,,,,,,,,,
SYFW0272_1,LearningPlatformBeaver-2024-01-31-Wildlife_Camera,SYFW0272,sequence1,2024-01-30T18:36:18-0600,2024-01-30T18:36:18-0600,media,unclassified,,,,,,,,,,,,,,,,,,,,
SYFW0273_1,LearningPlatformBeaver-2024-01-31-Wildlife_Camera,SYFW0273,sequence1,2024-01-30T12:36:32-0600,2024-01-30T12:36:32-0600,media,unclassified,,,,,,,,,,,,,,,,,,,,
SYFW0274_1,LearningPlatformBeaver-2024-01-31-Wildlife_Camera,SYFW0274,sequence1,2024-01-30T18:38:23-0600,2024-01-30T18:38:23-0600,media,unclassified,,,,,,,,,,,,,,,,,,,,
SYFW0275_1,LearningPlatformBeaver-2024-01-31-Wildlife_Camera,SYFW0275,sequence1,2024-01-30T12:38:36-0600,2024-01-30T12:38:36-0600,media,unclassified,,,,,,,,,,,,,,,,,,,,
SYFW0276_1,LearningPlatformBeaver-2024-01-31-Wildlife_Camera,SYFW0276,sequence1,2024-01-30T18:38:57-0600,2024-01-30T18:38:57-0600,media,unclassified,,,,,,,,,,,,,,,,,,,,
SYFW0277_1,LearningPlatformBeaver-2024-01-31-Wildlife_Camera,SYFW0277,sequence1,2024-01-30T12:39:12-0600,2024-01-30T12:39:12-0600,media,unclassified,,,,,,,,,,,,,,,,,,,,
SYFW0278_1,LearningPlatformBeaver-2024-01-31-Wildlife_Camera,SYFW0278,sequence1,2024-01-30T18:40:22-0600,2024-01-30T18:40:22-0600,media,unclassified,,,,,,,,,,,,,,,,,,,,
SYFW0279_1,LearningPlatformBeaver-2024-01-31-Wildlife_Camera,SYFW0279,sequence1,2024-01-30T12:40:36-0600,2024-01-30T12:40:36-0600,media,unclassified,,,,,,,,,,,,,,,,,,,,
SYFW0280_1,LearningPlatformBeaver-2024-01-31-Wildlife_Camera,SYFW0280,sequence1,2024-01-31T01:28:54-0600,2024-01-31T01:28:54-0600,media,unclassified,,,,,,,,,,,,,,,,,,,,
SYFW0281_1,LearningPlatformBeaver-2024-01-31-Wildlife_Camera,SYFW0281,sequence1,2024-01-30T19:29:08-0600,2024-01-30T19:29:08-0600,media,unclassified,,,,,,,,,,,,,,,,,,,,
SYFW0282_1,LearningPlatformBeaver-2024-01-31-Wildlife_Camera,SYFW0282,sequence1,2024-01-31T01:34:43-0600,2024-01-31T01:34:43-0600,media,unclassified,,,,,,,,,,,,,,,,,,,,
SYFW0283_1,LearningPlatformBeaver-2024-01-31-Wildlife_Camera,SYFW0283,sequence1,2024-01-30T19:34:58-0600,2024-01-30T19:34:58-0600,media,unclassified,,,,,,,,,,,,,,,,,,,,
SYFW0284_1,LearningPlatformBeaver-2024-01-31-Wildlife_Camera,SYFW0284,sequence1,2024-01-31T02:19:09-0600,2024-01-31T02:19:09-0600,media,unclassified,,,,,,,,,,,,,,,,,,,,
SYFW0285_1,LearningPlatformBeaver-2024-01-31-Wildlife_Camera,SYFW0285,sequence1,2024-01-31T08:34:14-0600,2024-01-31T08:34:14-0600,media,unclassified,,,,,,,,,,,,,,,,,,,,
SYFW0286_1,LearningPlatformBeaver-2024-01-31-Wildlife_Camera,SYFW0286,sequence1,2024-01-31T02:34:26-0600,2024-01-31T02:34:26-0600,media,unclassified,,,,,,,,,,,,,,,,,,,,
SYFW0287_1,LearningPlatformBeaver-2024-01-31-Wildlife_Camera,SYFW0287,sequence1,2024-01-31T08:46:17-0600,2024-01-31T08:46:17-0600,media,unclassified,,,,,,,,,,,,,,,,,,,,
SYFW0288_1,LearningPlatformBeaver-2024-01-31-Wildlife_Camera,SYFW0288,sequence1,2024-01-31T02:46:30-0600,2024-01-31T02:46:30-0600,media,unclassified,,,,,,,,,,,,,,,,,,,,
SYFW0289_1,LearningPlatformBeaver-2024-01-31-Wildlife_Camera,SYFW0289,sequence1,2024-01-31T08:47:57-0600,2024-01-31T08:47:57-0600,media,unclassified,,,,,,,,,,,,,,,,,,,,
SYFW0290_1,LearningPlatformBeaver-2024-01-31-Wildlife_Camera,SYFW0290,sequence1,2024-01-31T02:48:10-0600,2024-01-31T02:48:10-0600,media,unclassified,,,,,,,,,,,,,,,,,,,,
SYFW0291_1,LearningPlatformBeaver-2024-01-31-Wildlife_Camera,SYFW0291,sequence1,2024-01-31T08:49:02-0600,2024-01-31T08:49:02-0600,media,unclassified,,,,,,,,,,,,,,,,,,,,
SYFW0292_1,LearningPlatformBeaver-2024-01-31-Wildlife_Camera,SYFW0292,sequence1,2024-01-31T02:49:14-0600,2024-01-31T02:49:14-0600,media,unclassified,,,,,,,,,,,,,,,,,,,,
SYFW0293_1,LearningPlatformBeaver-2024-01-31-Wildlife_Camera,SYFW0293,sequence1,2024-01-31T08:51:05-0600,2024-01-31T08:51:05-0600,media,unclassified,,,,,,,,,,,,,,,,,,,,
SYFW0294_1,LearningPlatformBeaver-2024-01-31-Wildlife_Camera,SYFW0294,sequence1,2024-01-31T02:51:18-0600,2024-01-31T02:51:18-0600,media,unclassified,,,,,,,,,,,,,,,,,,,,
SYFW0295_1,LearningPlatformBeaver-2024-01-31-Wildlife_Camera,SYFW0295,sequence1,2024-01-31T14:19:08-0600,2024-01-31T14:19:08-0600,media,unclassified,,,,,,,,,,,,,,,,,,,,
SYFW0296_1,LearningPlatformBeaver-2024-01-31-Wildlife_Camera,SYFW0296,sequence1,2024-01-31T16:13:47-0600,2024-01-31T16:13:47-0600,media,unclassified,,,,,,,,,,,,,,,,,,,,
SYFW0297_1,LearningPlatformBeaver-2024-01-31-Wildlife_Camera,SYFW0297,sequence1,2024-01-31T10:14:04-0600,2024-01-31T10:14:04-0600,media,unclassified,,,,,,,,,,,,,,,,,,,,
SYFW0298_1,LearningPlatformBeaver-2024-01-31-Wildlife_Camera,SYFW0298,sequence1,2024-01-31T17:03:16-0600,2024-01-31T17:03:16-0600,media,unclassified,,,,,,,,,,,,,,,,,,,,
SYFW0299_1,LearningPlatformBeaver-2024-01-31-Wildlife_Camera,SYFW0299,sequence1,2024-01-31T11:03:32-0600,2024-01-31T11:03:32-0600,media,unclassified,,,,,,,,,,,,,,,,,,,,
SYFW0300_1,LearningPlatformBeaver-2024-01-31-Wildlife_Camera,SYFW0300,sequence1,2024-01-31T18:49:13-0600,2024-01-31T18:49:13-0600,media,unclassified,,,,,,,,,,,,,,,,,,,,
SYFW0301_1,LearningPlatformBeaver-2024-01-31-Wildlife_Camera,SYFW0301,sequence1,2024-01-31T12:49:34-0600,2024-01-31T12:49:34-0600,media,unclassified,,,,,,,,,,,,,,,,,,,,
